algoritmo,semilla,dimension,n_subgrupos,cobertura_min,cobertura_max,brecha_cobertura,intensidad_media_min,intensidad_media_max,brecha_intensidad_media,tasa_ajuste_min,tasa_ajuste_max,brecha_tasa_ajuste,tasa_eventos_min,tasa_eventos_max,brecha_tasa_eventos,recompensa_media_min,recompensa_media_max,brecha_recompensa_media
Aleatoria,42,categoria_riesgo,3,0.009191176470588236,0.02886710239651416,0.019675925925925923,0.019301470588235295,0.05759803921568627,0.038296568627450976,0.724400871459695,0.7408088235294118,0.01640795206971679,0.026986183074265976,0.09708605664488018,0.0700998735706142,-1.8557325708061003,-0.1079447322970639,1.7477878385090364
Aleatoria,42,grupo_edad,3,0.01992073425114727,0.03198198198198198,0.012061247730834713,0.03972520908004779,0.06666666666666667,0.026941457586618874,0.7252252252252253,0.7350657108721624,0.00984048564693718,0.05855855855855856,0.07317801672640382,0.014619458167845267,-1.2873357228195939,-0.6686936936936937,0.6186420291259002
Aleatoria,42,grupo_sexo,2,0.021026592455163882,0.021768029245596544,0.0007414367904326619,0.04313543599257885,0.04320372216683283,6.828617425398004e-05,0.7312229976736457,0.7312925170068028,6.951933315701986e-05,0.0640074211502783,0.06887670322366235,0.004869282073384051,-1.0636008640744434,-0.9987631416202845,0.06483772245415897
Aleatoria,123,categoria_riesgo,3,0.008425245098039215,0.028713298791019,0.020288053692979785,0.018535539215686275,0.05764248704663212,0.03910694783094584,0.7193627450980392,0.7460171568627451,0.026654411764705843,0.028929188255613126,0.10035403050108932,0.0714248422454762,-1.8761574074074074,-0.11582469775474957,1.760332709652658
Aleatoria,123,grupo_edad,3,0.01877346683354193,0.031081081081081083,0.012307614247539154,0.0386942010846892,0.06036036036036036,0.021666159275671164,0.7258064516129032,0.7327909887359199,0.00698453712301661,0.052702702702702706,0.0763142174432497,0.023611514740547,-1.2967443249701314,-0.6477477477477478,0.6489965772223836
Aleatoria,123,grupo_sexo,2,0.0211864406779661,0.021490414347557205,0.00030397366959110383,0.04270521768029246,0.04375386518243661,0.0010486475021441524,0.7282319707544035,0.733147804576376,0.004915833821972471,0.06472249916915919,0.07050092764378478,0.005778428474625591,-1.0437437686939182,-1.034013605442177,0.009730163251741253
Aleatoria,2026,categoria_riesgo,3,0.009957107843137254,0.029956427015250545,0.01999931917211329,0.020067401960784315,0.05950435729847495,0.039436955337690635,0.7273316062176166,0.742953431372549,0.015621825154932378,0.027633851468048358,0.09790305010893247,0.0702691986408841,-1.8553240740740742,-0.11258635578583766,1.7427377182882364
Aleatoria,2026,grupo_edad,3,0.01898206090947017,0.03423423423423423,0.01525217332476406,0.036816854401335,0.07162162162162163,0.03480476722028662,0.7287933094384708,0.7355027117229871,0.00670940228451633,0.047747747747747746,0.07123655913978495,0.023488811392037207,-1.2700866188769415,-0.6065315315315315,0.66355508734541
Aleatoria,2026,grupo_sexo,2,0.022108843537414966,0.02218344965104686,7.460611363189346e-05,0.043369890329012964,0.04375386518243661,0.00038397485342364646,0.730142904619475,0.7380952380952381,0.007952333475763185,0.06292517006802721,0.06439016284479894,0.0014649927767717286,-1.0385925556663342,-0.9928880643166358,0.04570449134969845
DQN,42,categoria_riesgo,3,0.0078125,0.028050108932461872,0.020237608932461872,0.011226252158894647,0.08047385620915033,0.06924760405025568,0.09542314335060449,0.4596949891067538,0.36427184575614935,0.027202072538860103,0.09735838779956427,0.07015631526070416,-1.824005991285403,-0.1303972366148532,1.6936087546705498
DQN,42,grupo_edad,3,0.013245723821443471,0.01981981981981982,0.006574095998376347,0.03254067584480601,0.051075268817204304,0.018534592972398296,0.24731182795698925,0.4058558558558559,0.15854402789886662,0.05900900900900901,0.07377538829151732,0.014766379282508311,-1.2768817204301075,-0.6864864864864865,0.590395233943621
DQN,42,grupo_sexo,2,0.01422387136672851,0.016782984380192757,0.002559113013464247,0.035095856524427954,0.04320372216683283,0.008107865642404878,0.2554112554112554,0.35219341974077767,0.09678216432952225,0.06416202844774273,0.06904287138584247,0.004880842938099747,-1.0482718511133267,-1.0114409400123685,0.03683091110095815
DQN,123,categoria_riesgo,3,0.0078125,0.028050108932461872,0.020237608932461872,0.011226252158894647,0.08047385620915033,0.06924760405025568,0.09542314335060449,0.4596949891067538,0.36427184575614935,0.02936096718480138,0.10008169934640523,0.07072073216160385,-1.8376225490196079,-0.1411917098445596,1.6964308391750482
DQN,123,grupo_edad,3,0.013245723821443471,0.01981981981981982,0.006574095998376347,0.03254067584480601,0.051075268817204304,0.018534592972398296,0.24731182795698925,0.4058558558558559,0.15854402789886662,0.052702702702702706,0.07646356033452807,0.023760857631825366,-1.2903225806451613,-0.6549549549549549,0.6353676256902063
DQN,123,grupo_sexo,2,0.01422387136672851,0.016782984380192757,0.002559113013464247,0.035095856524427954,0.04320372216683283,0.008107865642404878,0.2554112554112554,0.35219341974077767,0.09678216432952225,0.06472249916915919,0.07065553494124922,0.005933035772090034,-1.043908472479901,-1.0266699900299103,0.01723848244999071
DQN,2026,categoria_riesgo,3,0.0078125,0.028050108932461872,0.020237608932461872,0.011226252158894647,0.08047385620915033,0.06924760405025568,0.09542314335060449,0.4596949891067538,0.36427184575614935,0.027633851468048358,0.09803921568627451,0.07040536421822616,-1.8274101307189543,-0.13255613126079446,1.69485399945816
DQN,2026,grupo_edad,3,0.013245723821443471,0.01981981981981982,0.006574095998376347,0.03254067584480601,0.051075268817204304,0.018534592972398296,0.24731182795698925,0.4058558558558559,0.15854402789886662,0.0481981981981982,0.0715352449223417,0.023337046724143502,-1.2656810035842294,-0.6324324324324324,0.633248571151797
DQN,2026,grupo_sexo,2,0.01422387136672851,0.016782984380192757,0.002559113013464247,0.035095856524427954,0.04320372216683283,0.008107865642404878,0.2554112554112554,0.35219341974077767,0.09678216432952225,0.0632343846629561,0.06439016284479894,0.0011557781818428425,-1.025008308408109,-1.0068027210884354,0.01820558731967359
PPO,42,categoria_riesgo,3,0.001838235294117647,0.021241830065359478,0.01940359477124183,0.0055147058823529415,0.06372549019607843,0.058210784313725485,0.9787581699346405,0.9981617647058824,0.019403594771241872,0.026986183074265976,0.09763071895424837,0.07064453587998239,-1.860702614379085,-0.11161485319516408,1.7490877611839208
PPO,42,grupo_edad,3,0.008760951188986232,0.021621621621621623,0.01286067043263539,0.026282853566958697,0.06486486486486487,0.03858201129790617,0.9698198198198198,0.9912390488110138,0.021419228991193973,0.05945945945945946,0.0739247311827957,0.01446527172333624,-1.2880824372759856,-0.6891891891891891,0.5988932480867964
PPO,42,grupo_sexo,2,0.00927643784786642,0.014955134596211365,0.0056786967483449455,0.027829313543599257,0.0448654037886341,0.017036090245034843,0.9850448654037887,0.9877860235003092,0.002741158096520535,0.06447124304267161,0.06912595546693254,0.004654712424260923,-1.0594882020604852,-1.0338589981447124,0.025629203915772836
PPO,123,categoria_riesgo,3,0.001838235294117647,0.021241830065359478,0.01940359477124183,0.0055147058823529415,0.06372549019607843,0.058210784313725485,0.9787581699346405,0.9981617647058824,0.019403594771241872,0.028929188255613126,0.10021786492374728,0.07128867666813415,-1.8736383442265796,-0.12132987910189982,1.7523084651246799
PPO,123,grupo_edad,3,0.008760951188986232,0.021621621621621623,0.01286067043263539,0.026282853566958697,0.06486486486486487,0.03858201129790617,0.9698198198198198,0.9912390488110138,0.021419228991193973,0.052702702702702706,0.07646356033452807,0.023760857631825366,-1.3007765830346476,-0.6554054054054054,0.6453711776292422
PPO,123,grupo_sexo,2,0.00927643784786642,0.014955134596211365,0.0056786967483449455,0.027829313543599257,0.0448654037886341,0.017036090245034843,0.9850448654037887,0.9877860235003092,0.002741158096520535,0.06472249916915919,0.07081014223871367,0.006087643069554477,-1.0655534941249227,-1.0374709205716184,0.028082573553304346
PPO,2026,categoria_riesgo,3,0.001838235294117647,0.021241830065359478,0.01940359477124183,0.0055147058823529415,0.06372549019607843,0.058210784313725485,0.9787581699346405,0.9981617647058824,0.019403594771241872,0.027633851468048358,0.09831154684095861,0.07067769537291024,-1.8641067538126361,-0.114853195164076,1.7492535586485602
PPO,2026,grupo_edad,3,0.008760951188986232,0.021621621621621623,0.01286067043263539,0.026282853566958697,0.06486486486486487,0.03858201129790617,0.9698198198198198,0.9912390488110138,0.021419228991193973,0.0481981981981982,0.07183393070489845,0.02363573250670025,-1.2776284348864995,-0.6328828828828829,0.6447455520036166
PPO,2026,grupo_sexo,2,0.00927643784786642,0.014955134596211365,0.0056786967483449455,0.027829313543599257,0.0448654037886341,0.017036090245034843,0.9850448654037887,0.9877860235003092,0.002741158096520535,0.06338899196042053,0.064473246925889,0.0010842549654684758,-1.0362246593552675,-1.028447742733457,0.007776916621810459
Q-learning,42,categoria_riesgo,3,0.004901960784313725,0.034994553376906316,0.03009259259259259,0.008731617647058824,0.08592047930283224,0.07718886165577342,0.3318014705882353,0.8853626943005182,0.5535612237122829,0.027202072538860103,0.09708605664488018,0.06988398410602008,-1.804057734204793,-0.12748272884283246,1.6765750053619606
Q-learning,42,grupo_edad,3,0.014392991239048811,0.023297491039426525,0.008904499800377714,0.03254067584480601,0.05555555555555555,0.023014879710749545,0.5428614097968937,0.6594594594594595,0.11659804966256582,0.05810810810810811,0.07332735961768219,0.01521925150957408,-1.2577658303464756,-0.6765765765765765,0.581189253769899
Q-learning,42,grupo_sexo,2,0.01661681621801263,0.020717377860235003,0.004100561642222375,0.04046194749086075,0.04329004329004329,0.0028280957991825353,0.574941841143237,0.6012677798392084,0.02632593869597144,0.06369820655534941,0.06887670322366235,0.005178496668312937,-1.050099700897308,-0.9897186147186147,0.06038108617869342
Q-learning,123,categoria_riesgo,3,0.004901960784313725,0.034994553376906316,0.03009259259259259,0.008731617647058824,0.08592047930283224,0.07718886165577342,0.3318014705882353,0.8853626943005182,0.5535612237122829,0.028713298791019,0.09953703703703703,0.07082373824601804,-1.8163126361655773,-0.13503886010362695,1.6812737760619503
Q-learning,123,grupo_edad,3,0.014392991239048811,0.023297491039426525,0.008904499800377714,0.03254067584480601,0.05555555555555555,0.023014879710749545,0.5428614097968937,0.6594594594594595,0.11659804966256582,0.052702702702702706,0.07601553166069296,0.02331282895799025,-1.2712066905615294,-0.6495495495495496,0.6216571410119798
Q-learning,123,grupo_sexo,2,0.01661681621801263,0.020717377860235003,0.004100561642222375,0.04046194749086075,0.04329004329004329,0.0028280957991825353,0.574941841143237,0.6012677798392084,0.02632593869597144,0.06463941508806913,0.06972789115646258,0.005088476068393452,-1.028913260219342,-1.0198670377241805,0.009046222495161516
Q-learning,2026,categoria_riesgo,3,0.004901960784313725,0.034994553376906316,0.03009259259259259,0.008731617647058824,0.08592047930283224,0.07718886165577342,0.3318014705882353,0.8853626943005182,0.5535612237122829,0.027633851468048358,0.09776688453159041,0.07013303306354204,-1.8074618736383443,-0.12964162348877376,1.6778202501495705
Q-learning,2026,grupo_edad,3,0.014392991239048811,0.023297491039426525,0.008904499800377714,0.03254067584480601,0.05555555555555555,0.023014879710749545,0.5428614097968937,0.6594594594594595,0.11659804966256582,0.047747747747747746,0.0715352449223417,0.023787497174593955,-1.248805256869773,-0.6247747747747747,0.6240304820949982
Q-learning,2026,grupo_sexo,2,0.01661681621801263,0.020717377860235003,0.004100561642222375,0.04046194749086075,0.04329004329004329,0.0028280957991825353,0.574941841143237,0.6012677798392084,0.02632593869597144,0.06261595547309833,0.06439016284479894,0.0017742073717006146,-1.027666999002991,-0.9843073593073594,0.04335963969563161
Reglas escalonadas,42,categoria_riesgo,3,0.0,0.0392156862745098,0.0392156862745098,0.0,0.09313725490196079,0.09313725490196079,0.0,0.9889705882352942,0.9889705882352942,0.027202072538860103,0.09708605664488018,0.06988398410602008,-1.786900871459695,-0.13601036269430053,1.6508905087653944
Reglas escalonadas,42,grupo_edad,3,0.01376720901126408,0.026881720430107527,0.013114511418843447,0.03128911138923655,0.05734767025089606,0.02605855886165951,0.4756756756756757,0.8781362007168458,0.40246052504117014,0.05810810810810811,0.07347670250896057,0.015368594400852462,-1.2491039426523298,-0.6581081081081082,0.5909958345442217
Reglas escalonadas,42,grupo_sexo,2,0.01694915254237288,0.02411873840445269,0.0071695858620798095,0.038883349950149554,0.04823747680890538,0.009354126858755828,0.7031539888682746,0.7457627118644068,0.042608722996132165,0.06385281385281386,0.06895978730475241,0.005106973451938557,-1.0476902625456963,-0.9732529375386518,0.07443732500704447
Reglas escalonadas,123,categoria_riesgo,3,0.0,0.0392156862745098,0.0392156862745098,0.0,0.09313725490196079,0.09313725490196079,0.0,0.9889705882352942,0.9889705882352942,0.02936096718480138,0.09940087145969499,0.07003990427489361,-1.798474945533769,-0.14680483592400692,1.6516701096097621
Reglas escalonadas,123,grupo_edad,3,0.01376720901126408,0.026881720430107527,0.013114511418843447,0.03128911138923655,0.05734767025089606,0.02605855886165951,0.4756756756756757,0.8781362007168458,0.40246052504117014,0.052702702702702706,0.07616487455197132,0.023462171849268618,-1.2625448028673836,-0.6310810810810811,0.6314637217863025
Reglas escalonadas,123,grupo_sexo,2,0.01694915254237288,0.02411873840445269,0.0071695858620798095,0.038883349950149554,0.04823747680890538,0.009354126858755828,0.7031539888682746,0.7457627118644068,0.042608722996132165,0.06463941508806913,0.07003710575139147,0.005397690663322338,-1.0260884014622798,-1.00417439703154,0.021914004430739764
Reglas escalonadas,2026,categoria_riesgo,3,0.0,0.0392156862745098,0.0392156862745098,0.0,0.09313725490196079,0.09313725490196079,0.0,0.9889705882352942,0.9889705882352942,0.028065630397236616,0.09763071895424837,0.06956508855701175,-1.789624183006536,-0.14032815198618306,1.649296031020353
Reglas escalonadas,2026,grupo_edad,3,0.01376720901126408,0.026881720430107527,0.013114511418843447,0.03128911138923655,0.05734767025089606,0.02605855886165951,0.4756756756756757,0.8781362007168458,0.40246052504117014,0.047747747747747746,0.07168458781362007,0.023936840065872322,-1.2401433691756272,-0.6063063063063063,0.6338370628693208
Reglas escalonadas,2026,grupo_sexo,2,0.01694915254237288,0.02411873840445269,0.0071695858620798095,0.038883349950149554,0.04823747680890538,0.009354126858755828,0.7031539888682746,0.7457627118644068,0.042608722996132165,0.06307977736549165,0.06422399468261882,0.0011442173171271608,-1.0240112994350283,-0.9693877551020408,0.05462354433298755
Reglas simples,42,categoria_riesgo,3,0.0,0.049019607843137254,0.049019607843137254,0.0,0.09640522875816994,0.09640522875816994,0.0,0.9779411764705882,0.9779411764705882,0.027202072538860103,0.09667755991285402,0.06947548737399392,-1.7652505446623095,-0.13601036269430053,1.629240181968009
Reglas simples,42,grupo_edad,3,0.021621621621621623,0.035842293906810034,0.014220672285188411,0.032432432432432434,0.06630824372759857,0.03387581129516613,0.4756756756756757,0.8691756272401434,0.3934999515644677,0.05810810810810811,0.07317801672640382,0.015069908618295713,-1.2234169653524491,-0.6743243243243243,0.5490926410281248
Reglas simples,42,grupo_sexo,2,0.024925224327018942,0.03153988868274583,0.006614664355726885,0.04386839481555334,0.05009276437847866,0.006224369562925325,0.6957328385899815,0.7377866400797607,0.04205380148977922,0.06354359925788497,0.0685443668993021,0.005000767641417131,-1.0296610169491525,-0.9661410018552876,0.06352001509386485
Reglas simples,123,categoria_riesgo,3,0.0,0.049019607843137254,0.049019607843137254,0.0,0.09640522875816994,0.09640522875816994,0.0,0.9779411764705882,0.9779411764705882,0.02936096718480138,0.09980936819172113,0.07044840100691975,-1.7809095860566448,-0.14680483592400692,1.634104750132638
Reglas simples,123,grupo_edad,3,0.021621621621621623,0.035842293906810034,0.014220672285188411,0.032432432432432434,0.06630824372759857,0.03387581129516613,0.4756756756756757,0.8691756272401434,0.3934999515644677,0.05315315315315315,0.07616487455197132,0.023011721398818172,-1.2383512544802868,-0.6495495495495496,0.5888017049307372
Reglas simples,123,grupo_sexo,2,0.024925224327018942,0.03153988868274583,0.006614664355726885,0.04386839481555334,0.05009276437847866,0.006224369562925325,0.6957328385899815,0.7377866400797607,0.04205380148977922,0.06480558325024925,0.07003710575139147,0.005231522501142213,-1.0109670987038883,-0.99860853432282,0.012358564381068304
Reglas simples,2026,categoria_riesgo,3,0.0,0.049019607843137254,0.049019607843137254,0.0,0.09640522875816994,0.09640522875816994,0.0,0.9779411764705882,0.9779411764705882,0.028065630397236616,0.09735838779956427,0.06929275740232765,-1.7686546840958606,-0.14032815198618306,1.6283265321096776
Reglas simples,2026,grupo_edad,3,0.021621621621621623,0.035842293906810034,0.014220672285188411,0.032432432432432434,0.06630824372759857,0.03387581129516613,0.4756756756756757,0.8691756272401434,0.3934999515644677,0.047747747747747746,0.0715352449223417,0.023787497174593955,-1.2152031063321387,-0.6225225225225225,0.5926805838096162
Reglas simples,2026,grupo_sexo,2,0.024925224327018942,0.03153988868274583,0.006614664355726885,0.04386839481555334,0.05009276437847866,0.006224369562925325,0.6957328385899815,0.7377866400797607,0.04205380148977922,0.06277056277056277,0.06422399468261882,0.0014534319120560468,-1.0080591558657361,-0.9622758194186766,0.045783336447059564
