escenario,algoritmo,dimension,subgrupo_min,subgrupo_max,cobertura_min_pct,cobertura_max_pct,brecha_pp,cumple_meta_10pp
base,Aleatoria,categoria_riesgo,medio,alto,1.0061274509803921,2.8786764705882355,1.8725490196078434,True
base,Aleatoria,grupo_edad,45-64,18-44,1.975281602002503,3.372072072072072,1.396790470069569,True
base,Aleatoria,grupo_sexo,sexo_1,sexo_2,2.1869202226345084,2.2234130940511796,0.036492871416671235,True
base,DQN,categoria_riesgo,medio,alto,0.78125,2.8050108932461875,2.0237608932461875,True
base,DQN,grupo_edad,45-64,18-44,1.3245723821443471,1.981981981981982,0.6574095998376348,True
base,DQN,grupo_sexo,sexo_1,sexo_2,1.4223871366728509,1.6782984380192756,0.2559113013464247,True
base,PPO,categoria_riesgo,medio,alto,0.18382352941176472,2.1241830065359477,1.940359477124183,True
base,PPO,grupo_edad,45-64,18-44,0.8760951188986232,2.1621621621621623,1.286067043263539,True
base,PPO,grupo_sexo,sexo_1,sexo_2,0.9276437847866419,1.4955134596211366,0.5678696748344947,True
base,Q-learning,categoria_riesgo,medio,alto,0.49019607843137253,3.4994553376906317,3.009259259259259,True
base,Q-learning,grupo_edad,45-64,65_y_mas,1.4392991239048811,2.3297491039426523,0.8904499800377712,True
base,Q-learning,grupo_sexo,sexo_2,sexo_1,1.6616816218012629,2.0717377860235002,0.41005616422223734,True
base,Reglas escalonadas,categoria_riesgo,bajo,alto,0.0,3.9215686274509802,3.9215686274509802,True
base,Reglas escalonadas,grupo_edad,45-64,65_y_mas,1.376720901126408,2.6881720430107525,1.3114511418843444,True
base,Reglas escalonadas,grupo_sexo,sexo_2,sexo_1,1.694915254237288,2.411873840445269,0.7169585862079808,True
base,Reglas simples,categoria_riesgo,bajo,alto,0.0,4.901960784313726,4.901960784313726,True
base,Reglas simples,grupo_edad,18-44,65_y_mas,2.1621621621621623,3.5842293906810037,1.4220672285188414,True
base,Reglas simples,grupo_sexo,sexo_2,sexo_1,2.4925224327018944,3.1539888682745825,0.661466435572688,True
capacidad_alta,Aleatoria,categoria_riesgo,medio,bajo,1.7578125,4.2832469775474955,2.5254344775474955,True
capacidad_alta,Aleatoria,grupo_edad,45-64,18-44,3.0699833124739255,4.759009009009009,1.6890256965350838,True
capacidad_alta,Aleatoria,grupo_sexo,sexo_2,sexo_1,3.042123629112662,3.757730364873222,0.7156067357605598,True
capacidad_alta,DQN,categoria_riesgo,medio,alto,1.2561274509803921,3.8398692810457518,2.5837418300653594,True
capacidad_alta,DQN,grupo_edad,45-64,18-44,1.7730496453900708,3.5135135135135136,1.7404638681234428,True
capacidad_alta,DQN,grupo_sexo,sexo_2,sexo_1,2.1518777002326352,2.6747062461348174,0.5228285459021822,True
capacidad_alta,PPO,categoria_riesgo,medio,bajo,0.5514705882352942,3.1088082901554404,2.5573377019201464,True
capacidad_alta,PPO,grupo_edad,45-64,18-44,1.7521902377972465,3.2432432432432434,1.491053005445997,True
capacidad_alta,PPO,grupo_sexo,sexo_1,sexo_2,1.2987012987012987,2.293120638085743,0.9944193393844443,True
capacidad_alta,Q-learning,categoria_riesgo,medio,alto,0.6740196078431373,4.711328976034858,4.037309368191721,True
capacidad_alta,Q-learning,grupo_edad,45-64,65_y_mas,1.9712140175219024,3.479689366786141,1.5084753492642387,True
capacidad_alta,Q-learning,grupo_sexo,sexo_2,sexo_1,2.3429710867397806,3.061224489795918,0.7182534030561376,True
capacidad_alta,Reglas escalonadas,categoria_riesgo,bajo,alto,0.0,5.392156862745098,5.392156862745098,True
capacidad_alta,Reglas escalonadas,grupo_edad,18-44,65_y_mas,2.1621621621621623,4.121863799283154,1.9597016371209914,True
capacidad_alta,Reglas escalonadas,grupo_sexo,sexo_2,sexo_1,2.7916251246261217,3.339517625231911,0.5478925006057893,True
capacidad_alta,Reglas simples,categoria_riesgo,bajo,alto,0.0,7.189542483660131,7.189542483660131,True
capacidad_alta,Reglas simples,grupo_edad,18-44,65_y_mas,2.1621621621621623,5.555555555555555,3.393393393393393,True
capacidad_alta,Reglas simples,grupo_sexo,sexo_2,sexo_1,3.5892323030907276,4.823747680890538,1.2345153777998101,True
capacidad_baja,Aleatoria,categoria_riesgo,medio,alto,0.2535232843137255,1.6053921568627452,1.3518688725490198,True
capacidad_baja,Aleatoria,grupo_edad,45-64,18-44,0.8656654151022111,1.912162162162162,1.046496747059951,True
capacidad_baja,Aleatoria,grupo_sexo,sexo_1,sexo_2,0.7444341372912802,1.32892987703556,0.5844957397442798,True
capacidad_baja,DQN,categoria_riesgo,medio,alto,0.13786764705882354,1.64760348583878,1.5097358387799564,True
capacidad_baja,DQN,grupo_edad,18-44,65_y_mas,0.2702702702702703,1.3291517323775388,1.0588814621072684,True
capacidad_baja,DQN,grupo_sexo,sexo_1,sexo_2,0.6338899196042053,0.8391492190096378,0.20525929940543253,True
capacidad_baja,PPO,categoria_riesgo,medio,alto,0.18382352941176472,1.1437908496732025,0.9599673202614378,True
capacidad_baja,PPO,grupo_edad,18-44,65_y_mas,0.0,1.4336917562724014,1.4336917562724014,True
capacidad_baja,PPO,grupo_sexo,sexo_1,sexo_2,0.5565862708719852,0.6979062811565304,0.14132001028454522,True
capacidad_baja,Q-learning,categoria_riesgo,medio,alto,0.18382352941176472,1.5386710239651415,1.3548474945533768,True
capacidad_baja,Q-learning,grupo_edad,45-64,65_y_mas,0.458906967042136,1.3291517323775388,0.8702447653354028,True
capacidad_baja,Q-learning,grupo_sexo,sexo_1,sexo_2,0.6648113790970934,0.9388501163177135,0.2740387372206201,True
capacidad_baja,Reglas escalonadas,categoria_riesgo,bajo,alto,0.0,2.1241830065359477,2.1241830065359477,True
capacidad_baja,Reglas escalonadas,grupo_edad,18-44,65_y_mas,0.5405405405405406,1.4336917562724014,0.8931512157318608,True
capacidad_baja,Reglas escalonadas,grupo_sexo,sexo_1,sexo_2,0.7421150278293135,0.9970089730807578,0.25489394525144426,True
capacidad_baja,Reglas simples,categoria_riesgo,bajo,alto,0.0,2.6143790849673203,2.6143790849673203,True
capacidad_baja,Reglas simples,grupo_edad,18-44,65_y_mas,1.0810810810810811,1.6129032258064515,0.5318221447253704,True
capacidad_baja,Reglas simples,grupo_sexo,sexo_1,sexo_2,1.1131725417439704,1.3958125623130608,0.28264002056909043,True
costos_altos,Aleatoria,categoria_riesgo,medio,bajo,0.6502757352941176,2.386658031088083,1.7363822957939652,True
costos_altos,Aleatoria,grupo_edad,45-64,18-44,1.548811013767209,2.599099099099099,1.0502880853318899,True
costos_altos,Aleatoria,grupo_sexo,sexo_1,sexo_2,1.3667285095856525,1.8714689265536724,0.5047404169680199,True
costos_altos,DQN,categoria_riesgo,medio,alto,0.38296568627450983,2.342047930283224,1.9590822440087143,True
costos_altos,DQN,grupo_edad,45-64,18-44,0.8135168961201502,1.6666666666666667,0.8531497705465165,True
costos_altos,DQN,grupo_sexo,sexo_1,sexo_2,0.9894867037724181,1.2878032568959787,0.29831655312356065,True
costos_altos,PPO,categoria_riesgo,medio,alto,0.18382352941176472,1.6339869281045751,1.4501633986928104,True
costos_altos,PPO,grupo_edad,45-64,65_y_mas,0.7509386733416771,1.4336917562724014,0.6827530829307243,True
costos_altos,PPO,grupo_sexo,sexo_1,sexo_2,0.7421150278293135,1.1964107676969093,0.45429573986759586,True
costos_altos,Q-learning,categoria_riesgo,medio,alto,0.30637254901960786,2.096949891067538,1.79057734204793,True
costos_altos,Q-learning,grupo_edad,45-64,65_y_mas,0.9803921568627451,1.4934289127837514,0.5130367559210064,True
costos_altos,Q-learning,grupo_sexo,sexo_1,sexo_2,0.7575757575757576,1.4622798271851114,0.7047040696093538,True
costos_altos,Reglas escalonadas,categoria_riesgo,bajo,alto,0.0,2.9411764705882355,2.9411764705882355,True
costos_altos,Reglas escalonadas,grupo_edad,18-44,65_y_mas,1.0810810810810811,1.971326164874552,0.8902450837934708,True
costos_altos,Reglas escalonadas,grupo_sexo,sexo_2,sexo_1,1.3958125623130608,1.484230055658627,0.08841749334556614,True
costos_altos,Reglas simples,categoria_riesgo,bajo,alto,0.0,3.9215686274509802,3.9215686274509802,True
costos_altos,Reglas simples,grupo_edad,45-64,65_y_mas,1.5018773466833542,2.6881720430107525,1.1862946963273984,True
costos_altos,Reglas simples,grupo_sexo,sexo_2,sexo_1,1.7946161515453638,2.411873840445269,0.6172576888999051,True
costos_bajos,Aleatoria,categoria_riesgo,medio,bajo,1.7363664215686274,4.267055267702936,2.530688846134309,True
costos_bajos,Aleatoria,grupo_edad,45-64,18-44,3.0272215269086358,4.777027027027027,1.7498055001183914,True
costos_bajos,Aleatoria,grupo_sexo,sexo_2,sexo_1,3.030076437354603,3.692022263450835,0.6619458260962321,True
costos_bajos,DQN,categoria_riesgo,medio,alto,1.286764705882353,4.139433551198257,2.852668845315904,True
costos_bajos,DQN,grupo_edad,45-64,18-44,1.835627868168544,3.6036036036036037,1.7679757354350596,True
costos_bajos,DQN,grupo_sexo,sexo_2,sexo_1,2.3678963110667994,2.7520098948670375,0.3841135838002381,True
costos_bajos,PPO,categoria_riesgo,medio,bajo,0.7352941176470589,3.3678756476683938,2.632581530021335,True
costos_bajos,PPO,grupo_edad,65_y_mas,18-44,1.971326164874552,3.2432432432432434,1.2719170783686915,True
costos_bajos,PPO,grupo_sexo,sexo_1,sexo_2,1.6697588126159555,2.4925224327018944,0.822763620085939,True
costos_bajos,Q-learning,categoria_riesgo,medio,alto,0.6740196078431373,4.8202614379084965,4.146241830065359,True
costos_bajos,Q-learning,grupo_edad,45-64,65_y_mas,2.023362536503963,3.479689366786141,1.456326830282178,True
costos_bajos,Q-learning,grupo_sexo,sexo_2,sexo_1,2.3928215353938187,3.1076066790352503,0.7147851436414316,True
costos_bajos,Reglas escalonadas,categoria_riesgo,bajo,alto,0.0,5.555555555555555,5.555555555555555,True
costos_bajos,Reglas escalonadas,grupo_edad,18-44,65_y_mas,2.1621621621621623,4.121863799283154,1.9597016371209914,True
costos_bajos,Reglas escalonadas,grupo_sexo,sexo_2,sexo_1,2.8913260219341974,3.339517625231911,0.44819160329771357,True
costos_bajos,Reglas simples,categoria_riesgo,bajo,alto,0.0,6.862745098039215,6.862745098039215,True
costos_bajos,Reglas simples,grupo_edad,18-44,65_y_mas,2.1621621621621623,4.838709677419355,2.6765475152571927,True
costos_bajos,Reglas simples,grupo_sexo,sexo_2,sexo_1,3.1904287138584246,4.823747680890538,1.633318967032113,True
efecto_contacto_menor,Aleatoria,categoria_riesgo,medio,alto,1.0217524509803921,2.886710239651416,1.8649577886710238,True
efecto_contacto_menor,Aleatoria,grupo_edad,45-64,18-44,1.9618272841051314,3.373873873873874,1.4120465897687424,True
efecto_contacto_menor,Aleatoria,grupo_sexo,sexo_1,sexo_2,2.2031539888682747,2.2166832834828845,0.013529294614609721,True
efecto_contacto_menor,DQN,categoria_riesgo,medio,alto,0.78125,2.8050108932461875,2.0237608932461875,True
efecto_contacto_menor,DQN,grupo_edad,45-64,18-44,1.3245723821443471,1.981981981981982,0.6574095998376348,True
efecto_contacto_menor,DQN,grupo_sexo,sexo_1,sexo_2,1.4223871366728509,1.6782984380192756,0.2559113013464247,True
efecto_contacto_menor,PPO,categoria_riesgo,medio,alto,0.18382352941176472,2.1241830065359477,1.940359477124183,True
efecto_contacto_menor,PPO,grupo_edad,45-64,18-44,0.8760951188986232,2.1621621621621623,1.286067043263539,True
efecto_contacto_menor,PPO,grupo_sexo,sexo_1,sexo_2,0.9276437847866419,1.4955134596211366,0.5678696748344947,True
efecto_contacto_menor,Q-learning,categoria_riesgo,medio,alto,0.49019607843137253,3.4994553376906317,3.009259259259259,True
efecto_contacto_menor,Q-learning,grupo_edad,45-64,65_y_mas,1.4392991239048811,2.3297491039426523,0.8904499800377712,True
efecto_contacto_menor,Q-learning,grupo_sexo,sexo_2,sexo_1,1.6616816218012629,2.0717377860235002,0.41005616422223734,True
efecto_contacto_menor,Reglas escalonadas,categoria_riesgo,bajo,alto,0.0,3.9215686274509802,3.9215686274509802,True
efecto_contacto_menor,Reglas escalonadas,grupo_edad,45-64,65_y_mas,1.376720901126408,2.6881720430107525,1.3114511418843444,True
efecto_contacto_menor,Reglas escalonadas,grupo_sexo,sexo_2,sexo_1,1.694915254237288,2.411873840445269,0.7169585862079808,True
efecto_contacto_menor,Reglas simples,categoria_riesgo,bajo,alto,0.0,4.901960784313726,4.901960784313726,True
efecto_contacto_menor,Reglas simples,grupo_edad,18-44,65_y_mas,2.1621621621621623,3.5842293906810037,1.4220672285188414,True
efecto_contacto_menor,Reglas simples,grupo_sexo,sexo_2,sexo_1,2.4925224327018944,3.1539888682745825,0.661466435572688,True
riesgo_basal_mayor,Aleatoria,categoria_riesgo,medio,alto,1.0217524509803921,2.886710239651416,1.8649577886710238,True
riesgo_basal_mayor,Aleatoria,grupo_edad,45-64,18-44,1.9618272841051314,3.373873873873874,1.4120465897687424,True
riesgo_basal_mayor,Aleatoria,grupo_sexo,sexo_1,sexo_2,2.2031539888682747,2.2166832834828845,0.013529294614609721,True
riesgo_basal_mayor,DQN,categoria_riesgo,medio,alto,0.78125,2.8050108932461875,2.0237608932461875,True
riesgo_basal_mayor,DQN,grupo_edad,45-64,18-44,1.3245723821443471,1.981981981981982,0.6574095998376348,True
riesgo_basal_mayor,DQN,grupo_sexo,sexo_1,sexo_2,1.4223871366728509,1.6782984380192756,0.2559113013464247,True
riesgo_basal_mayor,PPO,categoria_riesgo,medio,alto,0.18382352941176472,2.1241830065359477,1.940359477124183,True
riesgo_basal_mayor,PPO,grupo_edad,45-64,18-44,0.8760951188986232,2.1621621621621623,1.286067043263539,True
riesgo_basal_mayor,PPO,grupo_sexo,sexo_1,sexo_2,0.9276437847866419,1.4955134596211366,0.5678696748344947,True
riesgo_basal_mayor,Q-learning,categoria_riesgo,medio,alto,0.49019607843137253,3.4994553376906317,3.009259259259259,True
riesgo_basal_mayor,Q-learning,grupo_edad,45-64,65_y_mas,1.4392991239048811,2.3297491039426523,0.8904499800377712,True
riesgo_basal_mayor,Q-learning,grupo_sexo,sexo_2,sexo_1,1.6616816218012629,2.0717377860235002,0.41005616422223734,True
riesgo_basal_mayor,Reglas escalonadas,categoria_riesgo,bajo,alto,0.0,3.9215686274509802,3.9215686274509802,True
riesgo_basal_mayor,Reglas escalonadas,grupo_edad,45-64,65_y_mas,1.376720901126408,2.6881720430107525,1.3114511418843444,True
riesgo_basal_mayor,Reglas escalonadas,grupo_sexo,sexo_2,sexo_1,1.694915254237288,2.411873840445269,0.7169585862079808,True
riesgo_basal_mayor,Reglas simples,categoria_riesgo,bajo,alto,0.0,4.901960784313726,4.901960784313726,True
riesgo_basal_mayor,Reglas simples,grupo_edad,18-44,65_y_mas,2.1621621621621623,3.5842293906810037,1.4220672285188414,True
riesgo_basal_mayor,Reglas simples,grupo_sexo,sexo_2,sexo_1,2.4925224327018944,3.1539888682745825,0.661466435572688,True
riesgo_basal_menor,Aleatoria,categoria_riesgo,medio,alto,1.0217524509803921,2.886710239651416,1.8649577886710238,True
riesgo_basal_menor,Aleatoria,grupo_edad,45-64,18-44,1.9618272841051314,3.373873873873874,1.4120465897687424,True
riesgo_basal_menor,Aleatoria,grupo_sexo,sexo_1,sexo_2,2.2031539888682747,2.2166832834828845,0.013529294614609721,True
riesgo_basal_menor,DQN,categoria_riesgo,medio,alto,0.78125,2.8050108932461875,2.0237608932461875,True
riesgo_basal_menor,DQN,grupo_edad,45-64,18-44,1.3245723821443471,1.981981981981982,0.6574095998376348,True
riesgo_basal_menor,DQN,grupo_sexo,sexo_1,sexo_2,1.4223871366728509,1.6782984380192756,0.2559113013464247,True
riesgo_basal_menor,PPO,categoria_riesgo,medio,alto,0.18382352941176472,2.1241830065359477,1.940359477124183,True
riesgo_basal_menor,PPO,grupo_edad,45-64,18-44,0.8760951188986232,2.1621621621621623,1.286067043263539,True
riesgo_basal_menor,PPO,grupo_sexo,sexo_1,sexo_2,0.9276437847866419,1.4955134596211366,0.5678696748344947,True
riesgo_basal_menor,Q-learning,categoria_riesgo,medio,alto,0.49019607843137253,3.4994553376906317,3.009259259259259,True
riesgo_basal_menor,Q-learning,grupo_edad,45-64,65_y_mas,1.4392991239048811,2.3297491039426523,0.8904499800377712,True
riesgo_basal_menor,Q-learning,grupo_sexo,sexo_2,sexo_1,1.6616816218012629,2.0717377860235002,0.41005616422223734,True
riesgo_basal_menor,Reglas escalonadas,categoria_riesgo,bajo,alto,0.0,3.9215686274509802,3.9215686274509802,True
riesgo_basal_menor,Reglas escalonadas,grupo_edad,45-64,65_y_mas,1.376720901126408,2.6881720430107525,1.3114511418843444,True
riesgo_basal_menor,Reglas escalonadas,grupo_sexo,sexo_2,sexo_1,1.694915254237288,2.411873840445269,0.7169585862079808,True
riesgo_basal_menor,Reglas simples,categoria_riesgo,bajo,alto,0.0,4.901960784313726,4.901960784313726,True
riesgo_basal_menor,Reglas simples,grupo_edad,18-44,65_y_mas,2.1621621621621623,3.5842293906810037,1.4220672285188414,True
riesgo_basal_menor,Reglas simples,grupo_sexo,sexo_2,sexo_1,2.4925224327018944,3.1539888682745825,0.661466435572688,True
