algoritmo,tipo_clasificacion,accion,accion_nombre,n,porcentaje
Aleatoria,propuesta,0,Sin contacto,13735,24.74239804006341
Aleatoria,propuesta,1,Mensaje,13905,25.04863813229572
Aleatoria,propuesta,2,Llamada,13914,25.06485084306096
Aleatoria,propuesta,3,Teleorientación,13958,25.14411298457991
Reglas simples,propuesta,0,Sin contacto,13896,25.03242542153048
Reglas simples,propuesta,1,Mensaje,19584,35.27885862516213
Reglas simples,propuesta,2,Llamada,22032,39.688715953307394
Reglas simples,propuesta,3,Teleorientación,0,0.0
Reglas escalonadas,propuesta,0,Sin contacto,13896,25.03242542153048
Reglas escalonadas,propuesta,1,Mensaje,11628,20.946822308690013
Reglas escalonadas,propuesta,2,Llamada,21528,38.78080415045396
Reglas escalonadas,propuesta,3,Teleorientación,8460,15.239948119325552
Q-learning,propuesta,0,Sin contacto,22125,39.856247297881545
Q-learning,propuesta,1,Mensaje,9129,16.445092952875054
Q-learning,propuesta,2,Llamada,9111,16.412667531344574
Q-learning,propuesta,3,Teleorientación,15147,27.28599221789883
DQN,propuesta,0,Sin contacto,37005,66.66126242974492
DQN,propuesta,1,Mensaje,1422,2.5616083009079116
DQN,propuesta,2,Llamada,6384,11.50021616947687
DQN,propuesta,3,Teleorientación,10701,19.2769130998703
PPO,propuesta,0,Sin contacto,57,0.10268050151318635
PPO,propuesta,1,Mensaje,0,0.0
PPO,propuesta,2,Llamada,0,0.0
PPO,propuesta,3,Teleorientación,55455,99.89731949848681
