algoritmo,semilla,recompensa_acumulada,pasos,contactos_propuestos,contactos_ejecutados,eventos_adversos,ajustes_capacidad,recursos_usados,capacidad_total,utilizacion_capacidad,cobertura_alto_riesgo
Aleatoria,42,-19261.5,18504,13920,398,1243,13531,1200,1200,1.0,0.02886710239651416
Aleatoria,123,-19250.5,18504,13894,394,1235,13507,1200,1200,1.0,0.028050108932461872
Aleatoria,2026,-18922.5,18504,13963,410,1182,13562,1200,1200,1.0,0.029956427015250545
Reglas simples,42,-18642.0,18504,13872,504,1236,13380,1200,1200,1.0,0.049019607843137254
Reglas simples,123,-18627.0,18504,13872,504,1233,13380,1200,1200,1.0,0.049019607843137254
Reglas simples,2026,-18357.0,18504,13872,504,1179,13380,1200,1200,1.0,0.049019607843137254
Reglas escalonadas,42,-18905.0,18504,13872,360,1243,13524,1200,1200,1.0,0.0392156862745098
Reglas escalonadas,123,-18845.0,18504,13872,360,1231,13524,1200,1200,1.0,0.0392156862745098
Reglas escalonadas,2026,-18595.0,18504,13872,360,1181,13524,1200,1200,1.0,0.0392156862745098
Q-learning,42,-19040.5,18504,11129,334,1241,10809,1200,1200,1.0,0.034994553376906316
Q-learning,123,-18980.5,18504,11129,334,1229,10809,1200,1200,1.0,0.034994553376906316
Q-learning,2026,-18735.5,18504,11129,334,1180,10809,1200,1200,1.0,0.034994553376906316
DQN,42,-19159.0,18504,6169,294,1246,5891,1200,1200,1.0,0.028050108932461872
DQN,123,-19109.0,18504,6169,294,1236,5891,1200,1200,1.0,0.028050108932461872
DQN,2026,-18849.0,18504,6169,294,1184,5891,1200,1200,1.0,0.028050108932461872
PPO,42,-19439.0,18504,18485,240,1249,18245,1200,1200,1.0,0.021241830065359478
PPO,123,-19379.0,18504,18485,240,1237,18245,1200,1200,1.0,0.021241830065359478
PPO,2026,-19124.0,18504,18485,240,1186,18245,1200,1200,1.0,0.021241830065359478
