algoritmo,semilla,dimension,subgrupo,decisiones,contactos_ejecutados,cobertura,intensidad_media,recursos_usados,ajustes_capacidad,tasa_ajuste,eventos_adversos,tasa_eventos,recompensa_media
Aleatoria,42,grupo_sexo,sexo_1,6468,136,0.021026592455163882,0.04313543599257885,422,4730,0.7312925170068028,414,0.0640074211502783,-0.9987631416202845
Aleatoria,42,grupo_sexo,sexo_2,12036,262,0.021768029245596544,0.04320372216683283,778,8801,0.7312229976736457,829,0.06887670322366235,-1.0636008640744434
Aleatoria,123,grupo_sexo,sexo_1,6468,139,0.021490414347557205,0.04375386518243661,427,4742,0.733147804576376,456,0.07050092764378478,-1.034013605442177
Aleatoria,123,grupo_sexo,sexo_2,12036,255,0.0211864406779661,0.04270521768029246,773,8765,0.7282319707544035,779,0.06472249916915919,-1.0437437686939182
Aleatoria,2026,grupo_sexo,sexo_1,6468,143,0.022108843537414966,0.04375386518243661,423,4774,0.7380952380952381,407,0.06292517006802721,-0.9928880643166358
Aleatoria,2026,grupo_sexo,sexo_2,12036,267,0.02218344965104686,0.043369890329012964,777,8788,0.730142904619475,775,0.06439016284479894,-1.0385925556663342
DQN,42,grupo_sexo,sexo_1,6468,92,0.01422387136672851,0.035095856524427954,362,1652,0.2554112554112554,415,0.06416202844774273,-1.0114409400123685
DQN,42,grupo_sexo,sexo_2,12036,202,0.016782984380192757,0.04320372216683283,838,4239,0.35219341974077767,831,0.06904287138584247,-1.0482718511133267
DQN,123,grupo_sexo,sexo_1,6468,92,0.01422387136672851,0.035095856524427954,362,1652,0.2554112554112554,457,0.07065553494124922,-1.043908472479901
DQN,123,grupo_sexo,sexo_2,12036,202,0.016782984380192757,0.04320372216683283,838,4239,0.35219341974077767,779,0.06472249916915919,-1.0266699900299103
DQN,2026,grupo_sexo,sexo_1,6468,92,0.01422387136672851,0.035095856524427954,362,1652,0.2554112554112554,409,0.0632343846629561,-1.0068027210884354
DQN,2026,grupo_sexo,sexo_2,12036,202,0.016782984380192757,0.04320372216683283,838,4239,0.35219341974077767,775,0.06439016284479894,-1.025008308408109
PPO,42,grupo_sexo,sexo_1,6468,60,0.00927643784786642,0.027829313543599257,300,6389,0.9877860235003092,417,0.06447124304267161,-1.0338589981447124
PPO,42,grupo_sexo,sexo_2,12036,180,0.014955134596211365,0.0448654037886341,900,11856,0.9850448654037887,832,0.06912595546693254,-1.0594882020604852
PPO,123,grupo_sexo,sexo_1,6468,60,0.00927643784786642,0.027829313543599257,300,6389,0.9877860235003092,458,0.07081014223871367,-1.0655534941249227
PPO,123,grupo_sexo,sexo_2,12036,180,0.014955134596211365,0.0448654037886341,900,11856,0.9850448654037887,779,0.06472249916915919,-1.0374709205716184
PPO,2026,grupo_sexo,sexo_1,6468,60,0.00927643784786642,0.027829313543599257,300,6389,0.9877860235003092,410,0.06338899196042053,-1.028447742733457
PPO,2026,grupo_sexo,sexo_2,12036,180,0.014955134596211365,0.0448654037886341,900,11856,0.9850448654037887,776,0.064473246925889,-1.0362246593552675
Q-learning,42,grupo_sexo,sexo_1,6468,134,0.020717377860235003,0.04329004329004329,426,3889,0.6012677798392084,412,0.06369820655534941,-0.9897186147186147
Q-learning,42,grupo_sexo,sexo_2,12036,200,0.01661681621801263,0.04046194749086075,774,6920,0.574941841143237,829,0.06887670322366235,-1.050099700897308
Q-learning,123,grupo_sexo,sexo_1,6468,134,0.020717377860235003,0.04329004329004329,426,3889,0.6012677798392084,451,0.06972789115646258,-1.0198670377241805
Q-learning,123,grupo_sexo,sexo_2,12036,200,0.01661681621801263,0.04046194749086075,774,6920,0.574941841143237,778,0.06463941508806913,-1.028913260219342
Q-learning,2026,grupo_sexo,sexo_1,6468,134,0.020717377860235003,0.04329004329004329,426,3889,0.6012677798392084,405,0.06261595547309833,-0.9843073593073594
Q-learning,2026,grupo_sexo,sexo_2,12036,200,0.01661681621801263,0.04046194749086075,774,6920,0.574941841143237,775,0.06439016284479894,-1.027666999002991
Reglas escalonadas,42,grupo_sexo,sexo_1,6468,156,0.02411873840445269,0.04823747680890538,468,4548,0.7031539888682746,413,0.06385281385281386,-0.9732529375386518
Reglas escalonadas,42,grupo_sexo,sexo_2,12036,204,0.01694915254237288,0.038883349950149554,732,8976,0.7457627118644068,830,0.06895978730475241,-1.0476902625456963
Reglas escalonadas,123,grupo_sexo,sexo_1,6468,156,0.02411873840445269,0.04823747680890538,468,4548,0.7031539888682746,453,0.07003710575139147,-1.00417439703154
Reglas escalonadas,123,grupo_sexo,sexo_2,12036,204,0.01694915254237288,0.038883349950149554,732,8976,0.7457627118644068,778,0.06463941508806913,-1.0260884014622798
Reglas escalonadas,2026,grupo_sexo,sexo_1,6468,156,0.02411873840445269,0.04823747680890538,468,4548,0.7031539888682746,408,0.06307977736549165,-0.9693877551020408
Reglas escalonadas,2026,grupo_sexo,sexo_2,12036,204,0.01694915254237288,0.038883349950149554,732,8976,0.7457627118644068,773,0.06422399468261882,-1.0240112994350283
Reglas simples,42,grupo_sexo,sexo_1,6468,204,0.03153988868274583,0.05009276437847866,444,4500,0.6957328385899815,411,0.06354359925788497,-0.9661410018552876
Reglas simples,42,grupo_sexo,sexo_2,12036,300,0.024925224327018942,0.04386839481555334,756,8880,0.7377866400797607,825,0.0685443668993021,-1.0296610169491525
Reglas simples,123,grupo_sexo,sexo_1,6468,204,0.03153988868274583,0.05009276437847866,444,4500,0.6957328385899815,453,0.07003710575139147,-0.99860853432282
Reglas simples,123,grupo_sexo,sexo_2,12036,300,0.024925224327018942,0.04386839481555334,756,8880,0.7377866400797607,780,0.06480558325024925,-1.0109670987038883
Reglas simples,2026,grupo_sexo,sexo_1,6468,204,0.03153988868274583,0.05009276437847866,444,4500,0.6957328385899815,406,0.06277056277056277,-0.9622758194186766
Reglas simples,2026,grupo_sexo,sexo_2,12036,300,0.024925224327018942,0.04386839481555334,756,8880,0.7377866400797607,773,0.06422399468261882,-1.0080591558657361
Aleatoria,42,grupo_edad,18-44,2220,71,0.03198198198198198,0.06666666666666667,225,1610,0.7252252252252253,130,0.05855855855855856,-0.6686936936936937
Aleatoria,42,grupo_edad,45-64,9588,191,0.01992073425114727,0.0401543596161869,579,6999,0.7299749687108886,623,0.0649770546516479,-0.9550479766374635
Aleatoria,42,grupo_edad,65_y_mas,6696,136,0.02031063321385902,0.03972520908004779,396,4922,0.7350657108721624,490,0.07317801672640382,-1.2873357228195939
Aleatoria,123,grupo_edad,18-44,2220,69,0.031081081081081083,0.06036036036036036,199,1621,0.7301801801801802,117,0.052702702702702706,-0.6477477477477478
Aleatoria,123,grupo_edad,45-64,9588,180,0.01877346683354193,0.0386942010846892,562,7026,0.7327909887359199,607,0.06330830204422194,-0.9521798080934502
Aleatoria,123,grupo_edad,65_y_mas,6696,145,0.021654719235364397,0.04360812425328554,439,4860,0.7258064516129032,511,0.0763142174432497,-1.2967443249701314
Aleatoria,2026,grupo_edad,18-44,2220,76,0.03423423423423423,0.07162162162162163,242,1630,0.7342342342342343,106,0.047747747747747746,-0.6065315315315315
Aleatoria,2026,grupo_edad,45-64,9588,182,0.01898206090947017,0.036816854401335,524,7052,0.7355027117229871,599,0.062473925740508966,-0.946130579891531
Aleatoria,2026,grupo_edad,65_y_mas,6696,152,0.022700119474313024,0.04375746714456392,434,4880,0.7287933094384708,477,0.07123655913978495,-1.2700866188769415
DQN,42,grupo_edad,18-44,2220,44,0.01981981981981982,0.041891891891891894,142,901,0.4058558558558559,131,0.05900900900900901,-0.6864864864864865
DQN,42,grupo_edad,45-64,9588,127,0.013245723821443471,0.03254067584480601,497,3334,0.3477263245723821,621,0.06476846057571965,-0.9475385899040467
DQN,42,grupo_edad,65_y_mas,6696,123,0.018369175627240143,0.051075268817204304,561,1656,0.24731182795698925,494,0.07377538829151732,-1.2768817204301075
DQN,123,grupo_edad,18-44,2220,44,0.01981981981981982,0.041891891891891894,142,901,0.4058558558558559,117,0.052702702702702706,-0.6549549549549549
DQN,123,grupo_edad,45-64,9588,127,0.013245723821443471,0.03254067584480601,497,3334,0.3477263245723821,607,0.06330830204422194,-0.9402377972465582
DQN,123,grupo_edad,65_y_mas,6696,123,0.018369175627240143,0.051075268817204304,561,1656,0.24731182795698925,512,0.07646356033452807,-1.2903225806451613
DQN,2026,grupo_edad,18-44,2220,44,0.01981981981981982,0.041891891891891894,142,901,0.4058558558558559,107,0.0481981981981982,-0.6324324324324324
DQN,2026,grupo_edad,45-64,9588,127,0.013245723821443471,0.03254067584480601,497,3334,0.3477263245723821,598,0.062369628702544845,-0.9355444305381727
DQN,2026,grupo_edad,65_y_mas,6696,123,0.018369175627240143,0.051075268817204304,561,1656,0.24731182795698925,479,0.0715352449223417,-1.2656810035842294
PPO,42,grupo_edad,18-44,2220,48,0.021621621621621623,0.06486486486486487,240,2153,0.9698198198198198,132,0.05945945945945946,-0.6891891891891891
PPO,42,grupo_edad,45-64,9588,84,0.008760951188986232,0.026282853566958697,420,9504,0.9912390488110138,622,0.06487275761368377,-0.968293700458907
PPO,42,grupo_edad,65_y_mas,6696,108,0.016129032258064516,0.04838709677419355,540,6588,0.9838709677419355,495,0.0739247311827957,-1.2880824372759856
PPO,123,grupo_edad,18-44,2220,48,0.021621621621621623,0.06486486486486487,240,2153,0.9698198198198198,117,0.052702702702702706,-0.6554054054054054
PPO,123,grupo_edad,45-64,9588,84,0.008760951188986232,0.026282853566958697,420,9504,0.9912390488110138,608,0.06341259908218606,-0.9609929078014184
PPO,123,grupo_edad,65_y_mas,6696,108,0.016129032258064516,0.04838709677419355,540,6588,0.9838709677419355,512,0.07646356033452807,-1.3007765830346476
PPO,2026,grupo_edad,18-44,2220,48,0.021621621621621623,0.06486486486486487,240,2153,0.9698198198198198,107,0.0481981981981982,-0.6328828828828829
PPO,2026,grupo_edad,45-64,9588,84,0.008760951188986232,0.026282853566958697,420,9504,0.9912390488110138,598,0.062369628702544845,-0.9557780559032123
PPO,2026,grupo_edad,65_y_mas,6696,108,0.016129032258064516,0.04838709677419355,540,6588,0.9838709677419355,481,0.07183393070489845,-1.2776284348864995
Q-learning,42,grupo_edad,18-44,2220,40,0.018018018018018018,0.03738738738738739,126,1464,0.6594594594594595,129,0.05810810810810811,-0.6765765765765765
Q-learning,42,grupo_edad,45-64,9588,138,0.014392991239048811,0.03254067584480601,486,5710,0.5955360867751356,621,0.06476846057571965,-0.9508239465999165
Q-learning,42,grupo_edad,65_y_mas,6696,156,0.023297491039426525,0.05555555555555555,588,3635,0.5428614097968937,491,0.07332735961768219,-1.2577658303464756
Q-learning,123,grupo_edad,18-44,2220,40,0.018018018018018018,0.03738738738738739,126,1464,0.6594594594594595,117,0.052702702702702706,-0.6495495495495496
Q-learning,123,grupo_edad,45-64,9588,138,0.014392991239048811,0.03254067584480601,486,5710,0.5955360867751356,603,0.06289111389236546,-0.9414372131831455
Q-learning,123,grupo_edad,65_y_mas,6696,156,0.023297491039426525,0.05555555555555555,588,3635,0.5428614097968937,509,0.07601553166069296,-1.2712066905615294
Q-learning,2026,grupo_edad,18-44,2220,40,0.018018018018018018,0.03738738738738739,126,1464,0.6594594594594595,106,0.047747747747747746,-0.6247747747747747
Q-learning,2026,grupo_edad,45-64,9588,138,0.014392991239048811,0.03254067584480601,486,5710,0.5955360867751356,595,0.06205673758865248,-0.9372653316645807
Q-learning,2026,grupo_edad,65_y_mas,6696,156,0.023297491039426525,0.05555555555555555,588,3635,0.5428614097968937,479,0.0715352449223417,-1.248805256869773
Reglas escalonadas,42,grupo_edad,18-44,2220,48,0.021621621621621623,0.043243243243243246,144,1056,0.4756756756756757,129,0.05810810810810811,-0.6581081081081082
Reglas escalonadas,42,grupo_edad,45-64,9588,132,0.01376720901126408,0.03128911138923655,468,6588,0.6871088861076345,622,0.06487275761368377,-0.9470171047142261
Reglas escalonadas,42,grupo_edad,65_y_mas,6696,180,0.026881720430107527,0.05734767025089606,588,5880,0.8781362007168458,492,0.07347670250896057,-1.2491039426523298
Reglas escalonadas,123,grupo_edad,18-44,2220,48,0.021621621621621623,0.043243243243243246,144,1056,0.4756756756756757,117,0.052702702702702706,-0.6310810810810811
Reglas escalonadas,123,grupo_edad,45-64,9588,132,0.01376720901126408,0.03128911138923655,468,6588,0.6871088861076345,604,0.06299541093032958,-0.9376303712974552
Reglas escalonadas,123,grupo_edad,65_y_mas,6696,180,0.026881720430107527,0.05734767025089606,588,5880,0.8781362007168458,510,0.07616487455197132,-1.2625448028673836
Reglas escalonadas,2026,grupo_edad,18-44,2220,48,0.021621621621621623,0.043243243243243246,144,1056,0.4756756756756757,106,0.047747747747747746,-0.6063063063063063
Reglas escalonadas,2026,grupo_edad,45-64,9588,132,0.01376720901126408,0.03128911138923655,468,6588,0.6871088861076345,595,0.06205673758865248,-0.9329370045890697
Reglas escalonadas,2026,grupo_edad,65_y_mas,6696,180,0.026881720430107527,0.05734767025089606,588,5880,0.8781362007168458,480,0.07168458781362007,-1.2401433691756272
Reglas simples,42,grupo_edad,18-44,2220,48,0.021621621621621623,0.032432432432432434,96,1056,0.4756756756756757,129,0.05810810810810811,-0.6743243243243243
Reglas simples,42,grupo_edad,45-64,9588,216,0.02252816020025031,0.03504380475594493,456,6504,0.6783479349186483,617,0.06435127242386317,-0.9337713808927827
Reglas simples,42,grupo_edad,65_y_mas,6696,240,0.035842293906810034,0.06630824372759857,648,5820,0.8691756272401434,490,0.07317801672640382,-1.2234169653524491
Reglas simples,123,grupo_edad,18-44,2220,48,0.021621621621621623,0.032432432432432434,96,1056,0.4756756756756757,118,0.05315315315315315,-0.6495495495495496
Reglas simples,123,grupo_edad,45-64,9588,216,0.02252816020025031,0.03504380475594493,456,6504,0.6783479349186483,605,0.0630997079682937,-0.9275135586149353
Reglas simples,123,grupo_edad,65_y_mas,6696,240,0.035842293906810034,0.06630824372759857,648,5820,0.8691756272401434,510,0.07616487455197132,-1.2383512544802868
Reglas simples,2026,grupo_edad,18-44,2220,48,0.021621621621621623,0.032432432432432434,96,1056,0.4756756756756757,106,0.047747747747747746,-0.6225225225225225
Reglas simples,2026,grupo_edad,45-64,9588,216,0.02252816020025031,0.03504380475594493,456,6504,0.6783479349186483,594,0.06195244055068836,-0.9217772215269087
Reglas simples,2026,grupo_edad,65_y_mas,6696,240,0.035842293906810034,0.06630824372759857,648,5820,0.8691756272401434,479,0.0715352449223417,-1.2152031063321387
Aleatoria,42,categoria_riesgo,alto,7344,212,0.02886710239651416,0.05759803921568627,634,5320,0.724400871459695,713,0.09708605664488018,-1.8557325708061003
Aleatoria,42,categoria_riesgo,bajo,4632,126,0.027202072538860103,0.05397236614853195,374,3375,0.7286269430051814,125,0.026986183074265976,-0.1079447322970639
Aleatoria,42,categoria_riesgo,medio,6528,60,0.009191176470588236,0.019301470588235295,192,4836,0.7408088235294118,405,0.06204044117647059,-0.7863051470588235
Aleatoria,123,categoria_riesgo,alto,7344,206,0.028050108932461872,0.0556917211328976,612,5283,0.7193627450980392,737,0.10035403050108932,-1.8761574074074074
Aleatoria,123,categoria_riesgo,bajo,4632,133,0.028713298791019,0.05764248704663212,401,3354,0.7240932642487047,134,0.028929188255613126,-0.11582469775474957
Aleatoria,123,categoria_riesgo,medio,6528,55,0.008425245098039215,0.018535539215686275,187,4870,0.7460171568627451,364,0.05575980392156863,-0.7560508578431373
Aleatoria,2026,categoria_riesgo,alto,7344,220,0.029956427015250545,0.05950435729847495,654,5343,0.7275326797385621,719,0.09790305010893247,-1.8553240740740742
Aleatoria,2026,categoria_riesgo,bajo,4632,125,0.026986183074265976,0.05116580310880829,349,3369,0.7273316062176166,128,0.027633851468048358,-0.11258635578583766
Aleatoria,2026,categoria_riesgo,medio,6528,65,0.009957107843137254,0.020067401960784315,197,4850,0.742953431372549,335,0.05131740196078431,-0.7315410539215687
DQN,42,categoria_riesgo,alto,7344,206,0.028050108932461872,0.08047385620915033,976,3376,0.4596949891067538,715,0.09735838779956427,-1.824005991285403
DQN,42,categoria_riesgo,bajo,4632,37,0.007987910189982728,0.011226252158894647,67,442,0.09542314335060449,126,0.027202072538860103,-0.1303972366148532
DQN,42,categoria_riesgo,medio,6528,51,0.0078125,0.015931372549019607,157,2073,0.31755514705882354,405,0.06204044117647059,-0.7903645833333334
DQN,123,categoria_riesgo,alto,7344,206,0.028050108932461872,0.08047385620915033,976,3376,0.4596949891067538,735,0.10008169934640523,-1.8376225490196079
DQN,123,categoria_riesgo,bajo,4632,37,0.007987910189982728,0.011226252158894647,67,442,0.09542314335060449,136,0.02936096718480138,-0.1411917098445596
DQN,123,categoria_riesgo,medio,6528,51,0.0078125,0.015931372549019607,157,2073,0.31755514705882354,365,0.055912990196078434,-0.7597273284313726
DQN,2026,categoria_riesgo,alto,7344,206,0.028050108932461872,0.08047385620915033,976,3376,0.4596949891067538,720,0.09803921568627451,-1.8274101307189543
DQN,2026,categoria_riesgo,bajo,4632,37,0.007987910189982728,0.011226252158894647,67,442,0.09542314335060449,128,0.027633851468048358,-0.13255613126079446
DQN,2026,categoria_riesgo,medio,6528,51,0.0078125,0.015931372549019607,157,2073,0.31755514705882354,336,0.051470588235294115,-0.737515318627451
PPO,42,categoria_riesgo,alto,7344,156,0.021241830065359478,0.06372549019607843,780,7188,0.9787581699346405,717,0.09763071895424837,-1.860702614379085
PPO,42,categoria_riesgo,bajo,4632,72,0.015544041450777202,0.046632124352331605,360,4541,0.9803540587219344,125,0.026986183074265976,-0.11161485319516408
PPO,42,categoria_riesgo,medio,6528,12,0.001838235294117647,0.0055147058823529415,60,6516,0.9981617647058824,407,0.0623468137254902,-0.8053002450980392
PPO,123,categoria_riesgo,alto,7344,156,0.021241830065359478,0.06372549019607843,780,7188,0.9787581699346405,736,0.10021786492374728,-1.8736383442265796
PPO,123,categoria_riesgo,bajo,4632,72,0.015544041450777202,0.046632124352331605,360,4541,0.9803540587219344,134,0.028929188255613126,-0.12132987910189982
PPO,123,categoria_riesgo,medio,6528,12,0.001838235294117647,0.0055147058823529415,60,6516,0.9981617647058824,367,0.05621936274509804,-0.7746629901960784
PPO,2026,categoria_riesgo,alto,7344,156,0.021241830065359478,0.06372549019607843,780,7188,0.9787581699346405,722,0.09831154684095861,-1.8641067538126361
PPO,2026,categoria_riesgo,bajo,4632,72,0.015544041450777202,0.046632124352331605,360,4541,0.9803540587219344,128,0.027633851468048358,-0.114853195164076
PPO,2026,categoria_riesgo,medio,6528,12,0.001838235294117647,0.0055147058823529415,60,6516,0.9981617647058824,336,0.051470588235294115,-0.7509191176470589
Q-learning,42,categoria_riesgo,alto,7344,257,0.034994553376906316,0.08592047930283224,1005,4542,0.6184640522875817,713,0.09708605664488018,-1.804057734204793
Q-learning,42,categoria_riesgo,bajo,4632,45,0.009715025906735751,0.017055267702936097,113,4101,0.8853626943005182,126,0.027202072538860103,-0.12748272884283246
Q-learning,42,categoria_riesgo,medio,6528,32,0.004901960784313725,0.008731617647058824,82,2166,0.3318014705882353,402,0.06158088235294118,-0.7967218137254902
Q-learning,123,categoria_riesgo,alto,7344,257,0.034994553376906316,0.08592047930283224,1005,4542,0.6184640522875817,731,0.09953703703703703,-1.8163126361655773
Q-learning,123,categoria_riesgo,bajo,4632,45,0.009715025906735751,0.017055267702936097,113,4101,0.8853626943005182,133,0.028713298791019,-0.13503886010362695
Q-learning,123,categoria_riesgo,medio,6528,32,0.004901960784313725,0.008731617647058824,82,2166,0.3318014705882353,365,0.055912990196078434,-0.7683823529411765
Q-learning,2026,categoria_riesgo,alto,7344,257,0.034994553376906316,0.08592047930283224,1005,4542,0.6184640522875817,718,0.09776688453159041,-1.8074618736383443
Q-learning,2026,categoria_riesgo,bajo,4632,45,0.009715025906735751,0.017055267702936097,113,4101,0.8853626943005182,128,0.027633851468048358,-0.12964162348877376
Q-learning,2026,categoria_riesgo,medio,6528,32,0.004901960784313725,0.008731617647058824,82,2166,0.3318014705882353,334,0.05116421568627451,-0.7446384803921569
Reglas escalonadas,42,categoria_riesgo,alto,7344,288,0.0392156862745098,0.09313725490196079,1080,7068,0.9624183006535948,713,0.09708605664488018,-1.786900871459695
Reglas escalonadas,42,categoria_riesgo,bajo,4632,0,0.0,0.0,0,0,0.0,126,0.027202072538860103,-0.13601036269430053
Reglas escalonadas,42,categoria_riesgo,medio,6528,72,0.011029411764705883,0.014705882352941176,120,6456,0.9889705882352942,404,0.061887254901960786,-0.7892156862745098
Reglas escalonadas,123,categoria_riesgo,alto,7344,288,0.0392156862745098,0.09313725490196079,1080,7068,0.9624183006535948,730,0.09940087145969499,-1.798474945533769
Reglas escalonadas,123,categoria_riesgo,bajo,4632,0,0.0,0.0,0,0,0.0,136,0.02936096718480138,-0.14680483592400692
Reglas escalonadas,123,categoria_riesgo,medio,6528,72,0.011029411764705883,0.014705882352941176,120,6456,0.9889705882352942,365,0.055912990196078434,-0.7593443627450981
Reglas escalonadas,2026,categoria_riesgo,alto,7344,288,0.0392156862745098,0.09313725490196079,1080,7068,0.9624183006535948,717,0.09763071895424837,-1.789624183006536
Reglas escalonadas,2026,categoria_riesgo,bajo,4632,0,0.0,0.0,0,0,0.0,130,0.028065630397236616,-0.14032815198618306
Reglas escalonadas,2026,categoria_riesgo,medio,6528,72,0.011029411764705883,0.014705882352941176,120,6456,0.9889705882352942,334,0.05116421568627451,-0.7356004901960784
Reglas simples,42,categoria_riesgo,alto,7344,360,0.049019607843137254,0.09640522875816994,1056,6996,0.9526143790849673,710,0.09667755991285402,-1.7652505446623095
Reglas simples,42,categoria_riesgo,bajo,4632,0,0.0,0.0,0,0,0.0,126,0.027202072538860103,-0.13601036269430053
Reglas simples,42,categoria_riesgo,medio,6528,144,0.022058823529411766,0.022058823529411766,144,6384,0.9779411764705882,400,0.061274509803921566,-0.7732843137254902
Reglas simples,123,categoria_riesgo,alto,7344,360,0.049019607843137254,0.09640522875816994,1056,6996,0.9526143790849673,733,0.09980936819172113,-1.7809095860566448
Reglas simples,123,categoria_riesgo,bajo,4632,0,0.0,0.0,0,0,0.0,136,0.02936096718480138,-0.14680483592400692
Reglas simples,123,categoria_riesgo,medio,6528,144,0.022058823529411766,0.022058823529411766,144,6384,0.9779411764705882,364,0.05575980392156863,-0.7457107843137255
Reglas simples,2026,categoria_riesgo,alto,7344,360,0.049019607843137254,0.09640522875816994,1056,6996,0.9526143790849673,715,0.09735838779956427,-1.7686546840958606
Reglas simples,2026,categoria_riesgo,bajo,4632,0,0.0,0.0,0,0,0.0,130,0.028065630397236616,-0.14032815198618306
Reglas simples,2026,categoria_riesgo,medio,6528,144,0.022058823529411766,0.022058823529411766,144,6384,0.9779411764705882,334,0.05116421568627451,-0.7227328431372549
