escenario,tipo_escenario,algoritmo,metrica,n_episodios,media,desviacion,error_estandar,ic95_inf,ic95_sup,ic95_boot_inf,ic95_boot_sup
base,base,Aleatoria,recompensa_acumulada,100,-19267.215,177.2776634964131,17.72776634964131,-19301.960783571638,-19232.469216428362,-19301.96025,-19231.859500000002
base,base,Aleatoria,cobertura_alto_riesgo,100,0.021993464052287574,0.0012809305488597801,0.000128093054885978,0.021742406278041346,0.022244521826533803,0.021741557734204796,0.02223995778867103
base,base,Aleatoria,utilizacion_capacidad,100,1.0,0.0,0.0,1.0,1.0,1.0,1.0
base,base,Aleatoria,eventos_adversos,100,1232.95,35.19566519452145,3.5195665194521455,1226.0517763806808,1239.8482236193192,1225.96975,1239.73175
base,base,Reglas simples,recompensa_acumulada,100,-18552.14,170.5045258441351,17.05045258441351,-18585.55827298556,-18518.72172701444,-18585.814875,-18518.25375
base,base,Reglas simples,cobertura_alto_riesgo,100,0.042440087145969495,0.000711069930551685,7.11069930551685e-05,0.04230072000053243,0.04257945429140656,0.04230392156862746,0.04257356345315905
base,base,Reglas simples,utilizacion_capacidad,100,1.0,0.0,0.0,1.0,1.0,1.0,1.0
base,base,Reglas simples,eventos_adversos,100,1216.66,34.09766720892954,3.4097667208929545,1209.9769800313666,1223.3430199686336,1209.8597499999998,1223.3709999999999
base,base,Reglas escalonadas,recompensa_acumulada,100,-18896.615,174.97423843572406,17.497423843572406,-18930.909320555635,-18862.32067944437,-18930.73225,-18862.069
base,base,Reglas escalonadas,cobertura_alto_riesgo,100,0.030917755991285406,0.0008429033743530132,8.429033743530132e-05,0.030752549965667487,0.031082962016903325,0.03074618736383443,0.031074380446623095
base,base,Reglas escalonadas,utilizacion_capacidad,100,1.0,0.0,0.0,1.0,1.0,1.0,1.0
base,base,Reglas escalonadas,eventos_adversos,100,1228.05,34.54125771955162,3.4541257719551623,1221.2800378888962,1234.8199621111037,1221.22975,1234.7805
base,base,Q-learning,recompensa_acumulada,100,-18943.09,172.58128490363578,17.25812849036358,-18976.915310281678,-18909.264689718322,-18976.711875,-18908.604625
base,base,Q-learning,cobertura_alto_riesgo,100,0.05034041394335512,0.0019442074125872045,0.00019442074125872045,0.04995935629264044,0.05072147159406979,0.04996592456427016,0.05071623093681917
base,base,Q-learning,utilizacion_capacidad,100,0.757508333333333,0.001738740433202033,0.0001738740433202033,0.757167546470579,0.757849120196087,0.7571666666666665,0.7578416666666666
base,base,Q-learning,eventos_adversos,100,1230.79,35.01090594876881,3.5010905948768807,1223.9279885274293,1237.6520114725706,1223.79975,1237.70025
base,base,DQN,recompensa_acumulada,100,-17827.48,176.7347484597506,17.673474845975058,-17862.119374179787,-17792.840625820212,-17861.605499999998,-17792.469125
base,base,DQN,cobertura_alto_riesgo,100,0.08067674291938998,0.0018868147194677151,0.00018868147194677152,0.0803069340298243,0.08104655180895565,0.08031178513071895,0.08104983660130718
base,base,DQN,utilizacion_capacidad,100,1.0,0.0,0.0,1.0,1.0,1.0,1.0
base,base,DQN,eventos_adversos,100,1198.71,34.27497098997513,3.427497098997513,1191.9922291288494,1205.4277708711506,1191.93975,1205.3802500000002
base,base,PPO,recompensa_acumulada,100,-19549.665,180.99338755430773,18.09933875543077,-19585.139052104634,-19514.190947895368,-19585.110875000002,-19513.641625
base,base,PPO,cobertura_alto_riesgo,100,0.012836328976034858,0.0010050635677680765,0.00010050635677680766,0.012639340136534982,0.013033317815534734,0.012636165577342049,0.013029684095860567
base,base,PPO,utilizacion_capacidad,100,1.0,0.0,0.0,1.0,1.0,1.0,1.0
base,base,PPO,eventos_adversos,100,1245.12,35.88964004592778,3.5889640045927775,1238.0857598091875,1252.1542401908123,1238.06875,1252.19025
