capacidad_mensual,algoritmo,recompensa_acumulada_mean,recompensa_acumulada_std,eventos_adversos_mean,eventos_adversos_std,recursos_usados_mean,recursos_usados_std,utilizacion_capacidad_mean,utilizacion_capacidad_std,cobertura_alto_riesgo_mean,cobertura_alto_riesgo_std,ajustes_capacidad_mean,ajustes_capacidad_std
50,Aleatoria,-19774.833333333332,183.53632701275555,1226.6666666666667,34.01960219246156,600.0,0.0,1.0,0.0,0.016203703703703703,0.0006239890652172985,13723.333333333334,32.31614663497672
50,DQN,-19703.0,166.43316977093238,1228.0,33.28663395418648,600.0,0.0,1.0,0.0,0.0164760348583878,0.0,5995.0,0.0
50,PPO,-19844.666666666668,167.50621879003032,1229.3333333333333,33.50124375800593,600.0,0.0,1.0,0.0,0.011437908496732025,0.0,18365.0,0.0
50,Q-learning,-19744.166666666668,164.41816606851415,1227.3333333333333,32.883633213702694,600.0,0.0,1.0,0.0,0.015386710239651416,0.0,10997.0,0.0
50,Reglas escalonadas,-19605.0,167.2572868367773,1227.0,33.45145736735546,600.0,0.0,1.0,0.0,0.021241830065359475,0.0,13728.0,0.0
50,Reglas simples,-19493.666666666668,162.89055630494207,1226.3333333333333,32.57811126098828,600.0,0.0,1.0,0.0,0.026143790849673203,0.0,13644.0,0.0
100,Aleatoria,-19144.833333333332,192.62485128698512,1220.0,33.15116890850155,1200.0,0.0,1.0,0.0,0.028957879448075527,0.0009563955839554048,13533.333333333334,27.574142476844504
100,DQN,-19039.0,166.43316977093238,1222.0,33.28663395418648,1200.0,0.0,1.0,0.0,0.028050108932461872,0.0,5891.0,0.0
100,PPO,-19314.0,167.2572868367773,1224.0,33.45145736735546,1200.0,0.0,1.0,0.0,0.021241830065359475,0.0,18245.0,0.0
100,Q-learning,-18918.833333333332,161.58073317488433,1216.6666666666667,32.316146634977,1200.0,0.0,1.0,0.0,0.034994553376906316,0.0,10809.0,0.0
100,Reglas escalonadas,-18781.666666666668,164.41816606851415,1218.3333333333333,32.883633213702694,1200.0,0.0,1.0,0.0,0.0392156862745098,0.0,13524.0,0.0
100,Reglas simples,-18542.0,160.3901493234544,1216.0,32.07802986469088,1200.0,0.0,1.0,0.0,0.049019607843137254,0.0,13380.0,0.0
150,Aleatoria,-18556.666666666668,162.22078576228603,1211.6666666666667,30.89228598426046,1800.0,0.0,1.0,0.0,0.03985112563543936,0.0007742702482403769,13332.0,32.60368077380221
150,DQN,-18407.666666666668,168.2508048519635,1214.3333333333333,33.65016097039257,1800.0,0.0,1.0,0.0,0.03839869281045752,0.0,5833.0,0.0
150,PPO,-18959.666666666668,156.95009822658122,1220.3333333333333,31.39001964531611,1800.0,0.0,1.0,0.0,0.024509803921568627,0.0,18125.0,0.0
150,Q-learning,-18291.666666666668,153.3242750947595,1209.3333333333333,30.664855018951766,1800.0,0.0,1.0,0.0,0.047113289760348585,0.0,10664.0,0.0
150,Reglas escalonadas,-17993.666666666668,166.90815837859307,1208.3333333333333,33.38163167571848,1800.0,0.0,1.0,0.0,0.05392156862745098,0.0,13332.0,0.0
150,Reglas simples,-17601.666666666668,153.0795000427343,1204.3333333333333,30.615900008546724,1800.0,0.0,1.0,0.0,0.0718954248366013,0.0,13128.0,0.0
