capacidad_mensual,algoritmo,semilla,recompensa_acumulada,pasos,contactos_propuestos,contactos_ejecutados,eventos_adversos,ajustes_capacidad,recursos_usados,capacidad_total,utilizacion_capacidad,cobertura_alto_riesgo
50,Aleatoria,42,-19905.5,18504,13920,216,1252,13715,600,600,1.0,0.016067538126361657
50,Aleatoria,123,-19854.0,18504,13894,208,1240,13696,600,600,1.0,0.01565904139433551
50,Aleatoria,2026,-19565.0,18504,13963,218,1188,13759,600,600,1.0,0.016884531590413945
50,Reglas simples,42,-19607.0,18504,13872,240,1249,13644,600,600,1.0,0.026143790849673203
50,Reglas simples,123,-19567.0,18504,13872,240,1241,13644,600,600,1.0,0.026143790849673203
50,Reglas simples,2026,-19307.0,18504,13872,240,1189,13644,600,600,1.0,0.026143790849673203
50,Reglas escalonadas,42,-19730.0,18504,13872,168,1252,13728,600,600,1.0,0.021241830065359478
50,Reglas escalonadas,123,-19670.0,18504,13872,168,1240,13728,600,600,1.0,0.021241830065359478
50,Reglas escalonadas,2026,-19415.0,18504,13872,168,1189,13728,600,600,1.0,0.021241830065359478
50,Q-learning,42,-19867.5,18504,11138,156,1252,10997,600,600,1.0,0.015386710239651416
50,Q-learning,123,-19807.5,18504,11138,156,1240,10997,600,600,1.0,0.015386710239651416
50,Q-learning,2026,-19557.5,18504,11138,156,1190,10997,600,600,1.0,0.015386710239651416
50,DQN,42,-19823.0,18504,6120,142,1252,5995,600,600,1.0,0.0164760348583878
50,DQN,123,-19773.0,18504,6120,142,1242,5995,600,600,1.0,0.0164760348583878
50,DQN,2026,-19513.0,18504,6120,142,1190,5995,600,600,1.0,0.0164760348583878
50,PPO,42,-19963.0,18504,18485,120,1253,18365,600,600,1.0,0.011437908496732025
50,PPO,123,-19918.0,18504,18485,120,1244,18365,600,600,1.0,0.011437908496732025
50,PPO,2026,-19653.0,18504,18485,120,1191,18365,600,600,1.0,0.011437908496732025
100,Aleatoria,42,-19261.5,18504,13920,398,1243,13531,1200,1200,1.0,0.02886710239651416
100,Aleatoria,123,-19250.5,18504,13894,394,1235,13507,1200,1200,1.0,0.028050108932461872
100,Aleatoria,2026,-18922.5,18504,13963,410,1182,13562,1200,1200,1.0,0.029956427015250545
100,Reglas simples,42,-18642.0,18504,13872,504,1236,13380,1200,1200,1.0,0.049019607843137254
100,Reglas simples,123,-18627.0,18504,13872,504,1233,13380,1200,1200,1.0,0.049019607843137254
100,Reglas simples,2026,-18357.0,18504,13872,504,1179,13380,1200,1200,1.0,0.049019607843137254
100,Reglas escalonadas,42,-18905.0,18504,13872,360,1243,13524,1200,1200,1.0,0.0392156862745098
100,Reglas escalonadas,123,-18845.0,18504,13872,360,1231,13524,1200,1200,1.0,0.0392156862745098
100,Reglas escalonadas,2026,-18595.0,18504,13872,360,1181,13524,1200,1200,1.0,0.0392156862745098
100,Q-learning,42,-19040.5,18504,11129,334,1241,10809,1200,1200,1.0,0.034994553376906316
100,Q-learning,123,-18980.5,18504,11129,334,1229,10809,1200,1200,1.0,0.034994553376906316
100,Q-learning,2026,-18735.5,18504,11129,334,1180,10809,1200,1200,1.0,0.034994553376906316
100,DQN,42,-19159.0,18504,6169,294,1246,5891,1200,1200,1.0,0.028050108932461872
100,DQN,123,-19109.0,18504,6169,294,1236,5891,1200,1200,1.0,0.028050108932461872
100,DQN,2026,-18849.0,18504,6169,294,1184,5891,1200,1200,1.0,0.028050108932461872
100,PPO,42,-19439.0,18504,18485,240,1249,18245,1200,1200,1.0,0.021241830065359478
100,PPO,123,-19379.0,18504,18485,240,1237,18245,1200,1200,1.0,0.021241830065359478
100,PPO,2026,-19124.0,18504,18485,240,1186,18245,1200,1200,1.0,0.021241830065359478
150,Aleatoria,42,-18636.5,18504,13920,606,1230,13329,1800,1800,1.0,0.04071350762527233
150,Aleatoria,123,-18663.5,18504,13894,602,1229,13301,1800,1800,1.0,0.0392156862745098
150,Aleatoria,2026,-18370.0,18504,13963,608,1176,13366,1800,1800,1.0,0.039624183006535946
150,Reglas simples,42,-17685.0,18504,13872,744,1221,13128,1800,1800,1.0,0.0718954248366013
150,Reglas simples,123,-17695.0,18504,13872,744,1223,13128,1800,1800,1.0,0.0718954248366013
150,Reglas simples,2026,-17425.0,18504,13872,744,1169,13128,1800,1800,1.0,0.0718954248366013
150,Reglas escalonadas,42,-18107.0,18504,13872,552,1231,13332,1800,1800,1.0,0.05392156862745098
150,Reglas escalonadas,123,-18072.0,18504,13872,552,1224,13332,1800,1800,1.0,0.05392156862745098
150,Reglas escalonadas,2026,-17802.0,18504,13872,552,1170,13332,1800,1800,1.0,0.05392156862745098
150,Q-learning,42,-18390.0,18504,11136,480,1229,10664,1800,1800,1.0,0.047113289760348585
150,Q-learning,123,-18370.0,18504,11136,480,1225,10664,1800,1800,1.0,0.047113289760348585
150,Q-learning,2026,-18115.0,18504,11136,480,1174,10664,1800,1800,1.0,0.047113289760348585
150,DQN,42,-18531.0,18504,6251,432,1239,5833,1800,1800,1.0,0.03839869281045752
150,DQN,123,-18476.0,18504,6251,432,1228,5833,1800,1800,1.0,0.03839869281045752
150,DQN,2026,-18216.0,18504,6251,432,1176,5833,1800,1800,1.0,0.03839869281045752
150,PPO,42,-19083.0,18504,18485,360,1245,18125,1800,1800,1.0,0.024509803921568627
150,PPO,123,-19013.0,18504,18485,360,1231,18125,1800,1800,1.0,0.024509803921568627
150,PPO,2026,-18783.0,18504,18485,360,1185,18125,1800,1800,1.0,0.024509803921568627
